sentenceId,sentence,sentence_time
1, Gratitude for the small joys that each day brings.   ,2012-03-30 11:20:00
2, A moment of shame for not standing up against injustice. ,2023-02-19 19:45:00
3,Pensive contemplation amid the ancient ruins of a forgotten civilization. ,2023-04-18 17:10:00
4," Charting a course through the waves of hopeful anticipation, a sailor steering towards the shores of dreams yet unexplored. ",2022-10-30 11:40:00
5, Anticipating a thrilling adventure in the coming weeks. ,2023-02-17 07:30:00
6,Creating a secret handshake with friends. Friendship level: Expert! ,2023-08-30 17:30:00
7, Disgust at the corruption that stains society.     ,2016-07-01 09:45:00
8," A free spirit soaring on the wings of dreams, leaving trails of independence in the azure sky of boundless possibilities. ",2020-06-10 10:05:00
9," Drifting through the day with an air of nonchalance, indifferent to the trivialities of life. ",2023-02-22 17:00:00
10, Disappointed with the lack of progress in a personal project. ,2023-02-25 09:00:00
11,"Attended a jazz concert and swayed to the rhythm of timeless tunes. Music, a constant companion in the golden years. #JazzConcert #SeniorMusic ",2023-06-29 16:30:00
12," A moment of tenderness, connecting with loved ones.    ",2016-02-23 19:45:00
13, Serenity found in the pages of a favorite book.        ,2011-09-22 19:30:00
14,Feeling a sense of emptiness after a close friend moves away. Farewells are always sad. ,2023-09-24 17:30:00
15," Playfully juggling responsibilities, a circus performer balancing the acts of work and joy, tossing laughter into the air. ",2019-11-18 15:15:00
16," Wrapped in the cloak of emotional numbness, a shield against the storms of life's turbulence. ",2021-11-30 15:30:00
17, Enjoying a beautiful day at the park!              ,2023-01-15 12:30:00
18,Receiving a heartfelt letter from a pen pal in another country. Connecting across the globe! ,2023-10-21 17:30:00
19,Enthusiasm for learning new skills and expanding knowledge.      ,2018-08-07 12:15:00
20,"Hosted a 'memory lane' evening with old friends, reminiscing about the adventures that shaped our lives. #MemoryLane #SeniorReminiscing ",2023-07-16 14:00:00
21,Planning a surprise scavenger hunt for friends. Anticipating the thrill and excitement! ,2023-08-24 18:20:00
22," A compassionate rain, tears of empathy falling gently, nurturing the seeds of kindness in the garden of human connections. ",2021-07-01 12:10:00
23, Compassion in action: supporting a local charity event. ,2015-07-18 14:20:00
24," An impenetrable numbness shields me from the emotional storms, a fortress of stoic resilience. ",2019-10-18 14:30:00
25,Contemplating life's mysteries under the starry night sky.         ,2016-07-02 23:30:00
26,A sense of accomplishment after completing a challenging workout.,2022-06-30 07:00:00
27," Hopeful whispers of wind, carrying the promises of a brighter tomorrow, a symphony of optimism in the air of possibilities. ",2023-05-06 07:20:00
28," Despair like a heavy fog, enveloping every thought, blurring the path ahead, a journey in the labyrinth of utter hopelessness. ",2022-02-28 21:00:00
29,"In the embrace of the Grand Canyon, nature's masterpiece, a moment to marvel at Earth's grandeur. ",2020-06-15 16:45:00
30, Tenderness in a heartfelt message to a loved one.    ,2016-12-25 19:30:00
31,"Soul-crushing disappointment, hopes shattered like fragile glass. ",2019-10-08 18:30:00
32,"Tears fall like raindrops, mourning the end of a cherished friendship. ",2020-11-28 14:20:00
33,Participating in a science fair to showcase a unique experiment. Sharing knowledge with peers. ,2023-10-11 16:45:00
34,"At the film festival, the indie filmmaker's creation receives a standing ovation, evoking pride and a sense of accomplishment. ",2017-09-18 21:45:00
35," Floating on clouds of inspiration, an artist painting the sky with strokes of creativity, creating a masterpiece of dreams. ",2021-12-08 14:30:00
36,"At a Michael Jackson tribute show, moonwalking through the hits, a celebration of the King of Pop. ",2022-01-15 21:15:00
37," Dismissive glances, a fortress built with indifference, walls impenetrable to the pleas of understanding and recognition. ",2018-05-10 14:00:00
38," Fearful whispers in the dark, the mind haunted by the specter of the unknown, shadows dancing to the rhythm of anxiety's tune. ",2023-07-14 23:00:00
39, Attending a virtual reality meetup.                ,2023-01-30 18:30:00
40," In the embrace of the autumn breeze, leaves of ambivalence dancing in a waltz between choices and uncertainties. ",2019-09-14 10:20:00
41," Boredom lingers, a stagnant pool of indifference.  ",2021-10-02 19:00:00
42,"Organizing a virtual talent show during challenging times, bringing smiles to classmates' faces! ",2020-11-15 15:15:00
43,Creating a beautiful mural with fellow art enthusiasts. The power of collaboration and creativity! ,2023-10-22 20:45:00
44, Pride in accomplishing personal and professional goals.  ,2023-03-03 14:30:00
45, An amusing incident brightened up my day!               ,2023-02-14 14:20:00
46,"Experiencing the thrill of a high-speed Formula 1 race, fans are on the edge of their seats as drivers compete for the championship. ",2019-11-24 19:45:00
47,"Melancholy lingers, a bittersweet serenade in the quietude of solitude. ",2017-03-12 23:30:00
48, Reflecting on the beauty of diversity in our world.     ,2023-03-01 10:45:00
49,"Sinking in the quicksand of despair, the harder you fight, the deeper you descend. ",2016-10-18 19:30:00
50,Got my hands on the latest fantasy novel. Diving into realms of magic and adventure! ,2023-08-13 20:00:00
51,"As the credits roll, a profound sense of nostalgia washes over, reminiscent of cherished moments in classic films. ",2019-06-25 22:15:00
52,"Started a book club for seniors, where discussions are as lively as the characters in the novels. #BookClub #SeniorReaders ",2023-07-07 19:45:00
53," Jealousy gnaws at my confidence, a toxic emotion.  ",2018-06-03 16:30:00
54," Devastated by the storm of betrayal, the wreckage of trust scattered like debris, a heart torn by the winds of broken promises. ",2022-08-03 15:30:00
55,"As the first snowflake descends, the winter enthusiast eagerly prepares for a season of frosty delights, anticipating the magic of snow-covered landscapes. ",2022-12-01 17:45:00
56,Whimsical delight in a world of whimsical fairy tales.             ,2016-03-08 14:20:00
57,Missing out on a long-anticipated event due to unexpected circumstances. A day filled with sadness. ,2023-10-01 14:15:00
58, Elation after achieving a fitness milestone.         ,2019-06-15 10:00:00
59, Contentment in the simplicity of a quiet Sunday.       ,2010-08-15 10:00:00
60,"As the waves crash against the shore, the surfer embraces the thrill of riding the ocean's energy, capturing the essence of freedom in each wave. ",2021-07-20 18:15:00
61,"Started learning ballroom dancing, gliding gracefully across the dance floor. Ageless elegance in every step. #BallroomDancing #SeniorDancer ",2023-07-14 16:15:00
62," Helplessness engulfs me, drowning in a sea of problems.",2019-05-08 14:20:00
63,"In the garden of friendships, each bloom a testament to the beauty of camaraderie. ",2018-08-28 16:00:00
64,"A soul adrift in the sea of solitude, waves of loneliness crashing relentlessly. ",2016-06-28 14:20:00
65,Volunteering at a local charity event to give back to the community. Contributing to social causes. ,2023-10-13 12:30:00
66,"Exploring a new hiking trail with friends over the weekend. Nature, laughter, and good vibes! ",2023-10-19 18:20:00
67,Captivated by the ethereal beauty of a field filled with fireflies. ,2022-08-10 22:00:00
68," Yearning for the warmth of a vanished sun, a heartache painted in the hues of a sunset that never graced the horizon. ",2020-04-18 16:15:00
69,Feeling blessed for the supportive community in times of need.    ,2021-09-10 09:45:00
70,Accidentally sent a love letter to the wrong person. Love note fail: Maximum embarrassment! ,2023-09-02 18:30:00
71, Empowerment through mentoring and guiding others.    ,2014-06-03 08:20:00
72, Hopeful about the prospects of a new business venture.,2017-12-08 19:15:00
73,Danced in the rain to celebrate the end of exams. Rain dance: Unexpectedly refreshing! ,2023-08-25 14:15:00
74," Loneliness, a solitary moon in a starless sky, casting a cold glow on the landscape of isolation, where echoes bounce in empty spaces. ",2017-12-01 18:50:00
75, Winter blues got me feeling low.                   ,2023-01-20 15:15:00
76, Helplessness sinks in as challenges pile up.       ,2020-06-20 14:20:00
77,Spent hours creating the perfect playlist for every mood. Music is my therapy. #PlaylistMaker #TeenMusicLover ,2023-06-03 21:15:00
78," Overwhelmed by the cacophony of expectations, a drowning soul in the tempest of pressure, struggling to stay afloat. ",2021-11-29 08:45:00
79,Building a time capsule to capture memories for the future. Time-traveling emotions! ,2023-09-08 14:15:00
80, Exploring the city's hidden gems.                  ,2023-01-18 14:50:00
81," Frustrated fingers tapping on the keyboard, a symphony of annoyance composing an unsolvable puzzle of unmet expectations. ",2020-12-17 09:20:00
82,Captivated by the serenity of a tranquil garden in full bloom.     ,2018-05-12 14:20:00
83, Sunday brunch with friends.                        ,2023-01-22 12:00:00
84,"Cheering for the underdog in the basketball finals, the crowd erupts in applause as the team defies odds to claim the championship title. ",2022-06-20 21:00:00
85," Boredom sets in, the day feels endlessly dull.     ",2016-09-28 19:45:00
86, Trying out a new dessert recipe.                   ,2023-01-27 16:10:00
87,"Sinking like autumn leaves in the river of sorrow, carried away by the current. ",2020-09-15 18:15:00
88," Fueled by curiosity, venturing into uncharted realms, a fearless explorer of the mysteries of the world. ",2022-12-01 09:15:00
89," Wandering through the desert of loneliness, each step a heavy sigh, mirages of connection shimmering but never materializing. ",2017-07-20 11:45:00
90,"Like a comet of inspiration, streaking through the sky of creativity, leaving trails of brilliance. ",2020-05-28 16:00:00
91," Bathed in the golden hues of gratefulness, a sunset of appreciation casting its warm glow on the landscapes of the heart. ",2022-04-01 18:30:00
92,"The weightlifter's failed attempt at a personal record results in frustration, highlighting the challenging nature of pushing physical limits. ",2022-01-08 21:30:00
93, Hopeful about the potential for personal growth.      ,2013-10-05 16:40:00
94, Gratitude for the support received during tough times. ,2012-03-10 08:30:00
95,"Attended a local jazz festival, tapping toes to the tunes that have stood the test of time. Music, a lifelong love affair. #JazzFestival #SeniorMusicLover ",2023-07-18 16:30:00
96,Curiosity sparked by exploring a mysterious ancient ruin.      ,2016-08-22 15:10:00
97," Confident strides in the dance of life, a ballroom where self-assuredness leads, twirling through challenges with grace. ",2021-01-15 13:00:00
98, Overflowing with gratitude for life's blessings.      ,2012-11-25 10:00:00
99,"Experiencing the magic of a Coldplay concert, where 'Fix You' becomes a beacon of hope in the night. ",2016-11-28 19:00:00
100, Envy eats away at me as I see others' prosperity.  ,2018-11-07 11:30:00
101,Confidence soars after overcoming public speaking anxiety.       ,2020-04-02 17:30:00
102,"In the crowd of an Ariana Grande concert, the high notes of 'Into You' create a euphoric symphony. ",2023-01-22 20:00:00
103, Laughter is the best medicine‚Äîenjoying a comedy show. ,2023-02-13 19:30:00
104,Caught in a torrential rainstorm without an umbrella. Today's weather is just bad luck. ,2023-09-20 12:30:00
105," Torn between opposing emotions, an ambivalence that colors my decisions with shades of uncertainty. ",2022-07-08 11:30:00
106," Embraced by the hopeful dawn, a gardener sowing seeds of optimism, tending to the blooms of a brighter tomorrow. ",2022-07-17 06:15:00
107, Late-night gaming session with friends.            ,2023-01-20 00:05:00
108,"Visited an art gallery, appreciating the brushstrokes that tell tales of creativity. Art, an eternal companion. #ArtGallery #SeniorArtLover ",2023-07-06 14:30:00
109," Fearful eyes scanning the shadows, a prisoner of the night, terrorized by the lurking monsters born from the mind's darkest corners. ",2023-01-07 03:30:00
110," Soaring on the wings of a free spirit, unburdened by the chains of conformity, painting the sky with independence. ",2021-08-15 11:10:00
111,"Whispers of lost love linger in the attic of the heart, forgotten but not erased. ",2019-09-10 21:00:00
112,Experiencing hate comments for expressing personal opinions. Online negativity prevails. ,2023-09-29 15:45:00
113," Grief overwhelms, a storm of emotions within.      ",2021-02-25 15:30:00
114,"Joined the school debate team. Words are my weapons, and I'm ready for battle! ",2023-08-03 12:15:00
115,Missing an important event due to unforeseen circumstances. A day filled with sadness. ,2023-09-21 16:45:00
116,"Participated in a local theater production, proving that the stage belongs to every age. #TheaterProduction #SeniorActor ",2023-07-09 22:30:00
117, Finding calmness amidst the chaos of daily life.        ,2023-02-27 09:30:00
118," Resentment festers, poisoning relationships.       ",2022-01-15 12:00:00
119," Apprehensive steps on the tightrope of uncertainty, a balancing act where the fall seems inevitable, anxiety a constant companion. ",2023-04-08 13:15:00
120,"Draped in the warmth of kindness, a quilt of compassion stitched with love. ",2019-05-05 12:15:00
121,"Binge-watching a thrilling crime series, the suspense keeps the viewer on the edge of their seat, creating a rush of adrenaline. ",2015-07-12 22:00:00
122,"In the midst of a soccer match, an unexpected own goal creates a moment of despair for the player, as teammates console and encourage them. ",2018-12-15 20:15:00
123,Dealing with a personal setback. Sometimes life throws unexpected challenges. ,2023-09-17 20:45:00
124,"Started a photography club at school. Capturing moments, one snapshot at a time! ",2023-08-04 16:30:00
125,"In the embrace of love, each heartbeat is a melody, dancing to the rhythm of affection. ",2022-11-15 20:45:00
126, Feeling grateful for the little things in life.    ,2023-01-16 09:10:00
127,Participating in a debate club to enhance critical thinking and communication skills. Intellectual engagement in progress. ,2023-10-15 20:45:00
128, New book release from my favorite author!          ,2023-01-30 15:45:00
129,"Tears, the ink staining the pages of a journal, a testament to silent grief. ",2023-01-28 14:30:00
130,"Facing a defeat in the championship, the boxer reflects on the challenges, vowing to return stronger and more determined in the next bout. ",2020-09-18 19:30:00
131, Intimidation by the unknown future ahead.          ,2021-12-03 18:30:00
132, Just adopted a cute furry friend! üêæ              ,2023-01-19 17:10:00
133, Cooking a special dinner for loved ones.           ,2023-01-31 19:00:00
134,Experimenting with a new recipe for a school bake sale. Baking adventures in the kitchen. ,2023-10-05 14:15:00
135,Perfecting the art of creating origami during a dull lecture. Origami mastery: A+! ,2023-08-28 16:00:00
136, Excited about the upcoming weekend getaway!        ,2023-01-15 18:20:00
137,"Skiing down the slopes of the Swiss Alps, each turn a dance with the majesty of snow-capped peaks. ",2019-01-10 14:45:00
138,"In the symphony of grief, each tear is a note, composing a melancholic melody. ",2018-11-28 14:00:00
139," Envious gazes cast upon the podium of success, a bitter pill swallowed, the taste lingering as a constant reminder of unattained heights. ",2021-02-10 19:30:00
140,Practicing a stand-up comedy routine for the upcoming talent show. Comedy gig: In the making! ,2023-09-01 14:45:00
141," Navigating the river of contentment, a serene boat cruise through the tranquil waters of inner peace and acceptance. ",2019-04-27 09:50:00
142, Excitement building up for a surprise birthday party.   ,2023-02-27 18:45:00
143," A free spirit soaring on the wings of dreams, leaving trails of independence in the azure sky of boundless possibilities. ",2020-06-10 10:05:00
144,"Captivated by the spellbinding plot twists, the audience applauds, experiencing a rollercoaster of emotions at the movie premiere. ",2018-10-12 20:00:00
145," Basking in the serenity of a quiet forest, where the whispers of nature bring peace to the soul. ",2020-02-28 18:30:00
146, Learning a new language for personal growth.       ,2023-01-23 16:20:00
